id,first_name,last_name,email,gender,ip_address
1,Mildred,Payne,mpayne0@webeden.co.uk,Female,114.61.37.254
2,Antonio,Hart,ahart1@buzzfeed.com,Male,211.147.222.162
3,Roy,Robertson,rrobertson2@furl.net,Male,221.76.67.159
4,Marilyn,Lawson,mlawson3@t-online.de,Female,101.138.240.78
5,Douglas,Hawkins,dhawkins4@dell.com,Male,44.13.169.205
6,Louise,Young,lyoung5@apache.org,Female,130.87.236.242
7,Anthony,Henry,ahenry6@mtv.com,Male,49.58.156.248
8,Lori,Alvarez,lalvarez7@usatoday.com,Female,43.39.160.60
9,Jose,Daniels,jdaniels8@fda.gov,Male,161.176.16.71
10,Jessica,Evans,jevans9@foxnews.com,Female,222.141.180.88
11,Paula,Burke,pburkea@dedecms.com,Female,224.207.56.107
12,Sarah,Gomez,sgomezb@spotify.com,Female,80.142.51.173
13,Michelle,Matthews,mmatthewsc@360.cn,Female,64.141.82.252
14,Robin,Ryan,rryand@github.com,Female,56.91.211.20
15,Lisa,Oliver,lolivere@sciencedaily.com,Female,121.72.18.63
16,Mildred,Day,mdayf@homestead.com,Female,63.171.158.25
17,Marie,Fisher,mfisherg@businessinsider.com,Female,45.51.185.49
18,Louis,Elliott,lelliotth@zdnet.com,Male,110.35.13.60
19,Thomas,Larson,tlarsoni@businessweek.com,Male,255.245.151.44
20,Maria,Knight,mknightj@alexa.com,Female,223.70.146.10
21,Judith,Romero,jromerok@newsvine.com,Female,189.10.18.216
22,Fred,Day,fdayl@canalblog.com,Male,214.19.53.127
23,Nicole,Campbell,ncampbellm@netlog.com,Female,204.186.70.65
24,Lillian,Fisher,lfishern@oaic.gov.au,Female,54.210.194.130
25,Kathleen,Stewart,kstewarto@upenn.edu,Female,117.117.67.78
26,Victor,Kim,vkimp@bluehost.com,Male,17.235.200.206
27,Andrew,Price,apriceq@odnoklassniki.ru,Male,120.163.23.12
28,Kathy,Kennedy,kkennedyr@bloomberg.com,Female,226.241.162.75
29,Henry,Peterson,hpetersons@netscape.com,Male,148.136.232.227
30,Joshua,Wallace,jwallacet@si.edu,Male,83.64.72.57
31,Sara,Hill,shillu@cpanel.net,Female,51.182.116.124
32,Harold,Austin,haustinv@flavors.me,Male,80.55.228.28
33,Christopher,Fernandez,cfernandezw@harvard.edu,Male,70.39.121.144
34,Louis,Hudson,lhudsonx@boston.com,Male,64.114.251.136
35,Donald,Ray,drayy@1688.com,Male,221.61.70.234
36,Steven,Lane,slanez@fotki.com,Male,184.230.82.123
37,Linda,Duncan,lduncan10@hubpages.com,Female,153.19.64.28
38,Peter,Thompson,pthompson11@ifeng.com,Male,248.175.128.9
39,Lois,Rice,lrice12@stumbleupon.com,Female,109.65.28.106
40,Norma,Hanson,nhanson13@fema.gov,Female,69.45.212.21
41,Angela,Reid,areid14@scribd.com,Female,133.211.61.99
42,Lisa,Hawkins,lhawkins15@biglobe.ne.jp,Female,66.184.87.116
43,Rebecca,Henderson,rhenderson16@wix.com,Female,41.112.227.135
44,Maria,Knight,mknight17@smh.com.au,Female,143.232.6.234
45,Anna,Anderson,aanderson18@mediafire.com,Female,195.68.72.15
46,Kevin,Dixon,kdixon19@whitehouse.gov,Male,198.236.219.169
47,Christopher,Morris,cmorris1a@i2i.jp,Male,216.201.178.244
48,Albert,Matthews,amatthews1b@pinterest.com,Male,219.242.169.222
49,Heather,Carr,hcarr1c@privacy.gov.au,Female,222.139.96.233
50,Michelle,Hall,mhall1d@imdb.com,Female,72.191.71.84
51,John,Morris,jmorris1e@unesco.org,Male,37.124.180.108
52,Kimberly,Hernandez,khernandez1f@homestead.com,Female,68.201.51.111
53,Eric,Smith,esmith1g@patch.com,Male,250.237.218.25
54,Catherine,Gardner,cgardner1h@friendfeed.com,Female,37.43.59.61
55,Kenneth,Harrison,kharrison1i@blogs.com,Male,82.105.49.157
56,Tina,Jordan,tjordan1j@woothemes.com,Female,250.122.92.82
57,Maria,Hill,mhill1k@uol.com.br,Female,108.150.9.214
58,Aaron,Peters,apeters1l@auda.org.au,Male,193.117.142.166
59,Donna,Fuller,dfuller1m@bloglovin.com,Female,31.49.163.204
60,Sandra,Snyder,ssnyder1n@archive.org,Female,130.139.29.249
61,Lawrence,Ferguson,lferguson1o@sfgate.com,Male,229.91.178.178
62,Diana,Sims,dsims1p@vimeo.com,Female,248.229.160.226
63,Marilyn,Watkins,mwatkins1q@cmu.edu,Female,114.108.220.192
64,Sandra,Hunter,shunter1r@google.ca,Female,105.135.147.131
65,William,Berry,wberry1s@sfgate.com,Male,117.76.230.213
66,Clarence,Dunn,cdunn1t@paypal.com,Male,18.27.147.182
67,Larry,Gonzales,lgonzales1u@jimdo.com,Male,248.209.215.71
68,Janet,Willis,jwillis1v@newsvine.com,Female,8.103.231.227
69,Tammy,Perez,tperez1w@geocities.com,Female,79.44.128.51
70,Carol,Matthews,cmatthews1x@usgs.gov,Female,255.32.95.103
71,Johnny,Armstrong,jarmstrong1y@nsw.gov.au,Male,172.75.203.164
72,Brian,Alvarez,balvarez1z@freewebs.com,Male,177.38.125.152
73,Jerry,Andrews,jandrews20@php.net,Male,17.170.119.243
74,Christopher,Davis,cdavis21@wikia.com,Male,163.28.85.105
75,Ruby,Griffin,rgriffin22@nasa.gov,Female,127.187.31.86
76,Amanda,Little,alittle23@hatena.ne.jp,Female,17.19.84.205
77,Roy,Mccoy,rmccoy24@biblegateway.com,Male,51.211.181.25
78,Christopher,Reynolds,creynolds25@infoseek.co.jp,Male,176.248.198.44
79,Jose,Kim,jkim26@infoseek.co.jp,Male,12.163.143.104
80,Sara,Oliver,soliver27@mayoclinic.com,Female,69.80.240.201
81,Sara,Carroll,scarroll28@dailymail.co.uk,Female,246.126.187.74
82,Nicole,Bowman,nbowman29@ucoz.com,Female,235.226.240.78
83,Jonathan,Campbell,jcampbell2a@booking.com,Male,33.144.63.201
84,Andrew,Ryan,aryan2b@youtube.com,Male,83.232.235.188
85,Jeffrey,Johnston,jjohnston2c@epa.gov,Male,50.177.57.126
86,Lillian,Burton,lburton2d@nymag.com,Female,242.155.125.176
87,Eugene,Gardner,egardner2e@state.tx.us,Male,150.14.150.194
88,Louise,Jordan,ljordan2f@examiner.com,Female,165.92.169.121
89,Juan,Ramirez,jramirez2g@dailymail.co.uk,Male,227.9.99.59
90,Timothy,Barnes,tbarnes2h@squarespace.com,Male,214.236.20.189
91,Anna,Medina,amedina2i@cnbc.com,Female,49.92.53.55
92,Lois,Adams,ladams2j@ft.com,Female,79.193.40.158
93,Aaron,Perkins,aperkins2k@addthis.com,Male,172.129.25.218
94,Stephen,Sullivan,ssullivan2l@drupal.org,Male,196.213.115.242
95,Scott,Thompson,sthompson2m@businessweek.com,Male,0.65.131.78
96,Jonathan,Wilson,jwilson2n@nature.com,Male,233.249.208.148
97,Rachel,Jones,rjones2o@boston.com,Female,122.218.82.174
98,Virginia,Brown,vbrown2p@deliciousdays.com,Female,118.211.188.109
99,Lori,Matthews,lmatthews2q@go.com,Female,180.173.160.68
100,Jeremy,Lewis,jlewis2r@fastcompany.com,Male,23.139.109.1
101,Rose,Walker,rwalker2s@discovery.com,Female,228.109.251.138
102,Louise,Mendoza,lmendoza2t@wufoo.com,Female,253.60.157.14
103,Emily,Turner,eturner2u@indiatimes.com,Female,138.125.188.197
104,Douglas,Arnold,darnold2v@hc360.com,Male,109.108.233.72
105,Julia,Brown,jbrown2w@netscape.com,Female,221.59.4.218
106,Henry,Burns,hburns2x@mapquest.com,Male,144.165.15.152
107,Sara,Warren,swarren2y@cam.ac.uk,Female,208.82.48.186
108,Peter,Riley,priley2z@oracle.com,Male,182.183.37.96
109,Louise,Patterson,lpatterson30@blinklist.com,Female,197.92.15.115
110,Lois,Henry,lhenry31@google.ru,Female,34.189.150.119
111,John,Bishop,jbishop32@wiley.com,Male,85.235.10.35
112,Samuel,Oliver,soliver33@github.com,Male,11.122.243.77
113,Bobby,Welch,bwelch34@issuu.com,Male,105.173.178.210
114,Frances,Lynch,flynch35@wordpress.org,Female,253.148.128.254
115,Joyce,Price,jprice36@narod.ru,Female,90.138.212.157
116,Kimberly,Johnson,kjohnson37@ifeng.com,Female,218.138.81.44
117,Brandon,Lee,blee38@addtoany.com,Male,3.176.122.255
118,Earl,Harvey,eharvey39@state.tx.us,Male,207.242.8.81
119,Gloria,Perkins,gperkins3a@geocities.com,Female,89.50.21.0
120,Alan,Wright,awright3b@amazon.co.uk,Male,192.196.160.216
121,Anna,King,aking3c@simplemachines.org,Female,32.185.112.191
122,Henry,Chapman,hchapman3d@wisc.edu,Male,78.35.233.31
123,Martin,Armstrong,marmstrong3e@lulu.com,Male,126.155.20.71
124,Howard,Bishop,hbishop3f@altervista.org,Male,143.217.0.95
125,Jimmy,Dean,jdean3g@wikimedia.org,Male,20.147.104.108
126,Rachel,Johnston,rjohnston3h@twitpic.com,Female,168.217.50.216
127,Sarah,Cook,scook3i@zimbio.com,Female,19.209.67.185
128,Brandon,Robinson,brobinson3j@dagondesign.com,Male,146.26.106.136
129,Gerald,Harper,gharper3k@state.tx.us,Male,171.66.221.247
130,Jacqueline,Shaw,jshaw3l@de.vu,Female,165.203.191.56
131,Laura,Murray,lmurray3m@businessweek.com,Female,133.98.196.145
132,Juan,Diaz,jdiaz3n@bloglovin.com,Male,5.78.180.58
133,Michael,Graham,mgraham3o@utexas.edu,Male,49.199.61.44
134,Stephen,Nelson,snelson3p@surveymonkey.com,Male,154.231.46.238
135,Maria,Porter,mporter3q@umn.edu,Female,238.6.44.114
136,Jonathan,Miller,jmiller3r@nifty.com,Male,210.127.62.191
137,Randy,Ruiz,rruiz3s@photobucket.com,Male,132.95.2.9
138,Lisa,Evans,levans3t@samsung.com,Female,222.175.129.37
139,Wanda,Sanders,wsanders3u@flickr.com,Female,202.36.52.117
140,Beverly,Alexander,balexander3v@newyorker.com,Female,60.21.108.53
141,Andrew,Medina,amedina3w@networksolutions.com,Male,149.155.157.26
142,Keith,Meyer,kmeyer3x@npr.org,Male,76.53.210.38
143,Carlos,Lynch,clynch3y@flavors.me,Male,89.79.89.35
144,Julia,Andrews,jandrews3z@ustream.tv,Female,146.89.3.127
145,Lois,Greene,lgreene40@ameblo.jp,Female,139.118.130.10
146,Terry,Lewis,tlewis41@weather.com,Male,237.0.216.67
147,Justin,Andrews,jandrews42@wikispaces.com,Male,244.165.1.84
148,Maria,Nguyen,mnguyen43@mac.com,Female,142.183.162.69
149,Joe,Hawkins,jhawkins44@imageshack.us,Male,163.191.225.77
150,Juan,Dunn,jdunn45@shop-pro.jp,Male,208.156.210.209
151,Benjamin,Kelly,bkelly46@over-blog.com,Male,223.60.208.252
152,Paula,Ferguson,pferguson47@google.ca,Female,220.118.171.240
153,Michael,Ramirez,mramirez48@shinystat.com,Male,76.198.179.202
154,Fred,Mason,fmason49@a8.net,Male,139.78.129.248
155,Melissa,Gonzales,mgonzales4a@yahoo.co.jp,Female,117.192.171.210
156,Julia,Long,jlong4b@spiegel.de,Female,20.18.210.41
157,Sharon,Bradley,sbradley4c@alibaba.com,Female,123.34.1.31
158,Richard,Little,rlittle4d@buzzfeed.com,Male,104.25.1.82
159,Debra,Hart,dhart4e@redcross.org,Female,91.119.30.163
160,Justin,Hall,jhall4f@cafepress.com,Male,0.170.215.147
161,William,Kelley,wkelley4g@earthlink.net,Male,148.57.238.213
162,Gloria,Adams,gadams4h@techcrunch.com,Female,9.41.37.41
163,Fred,Sims,fsims4i@people.com.cn,Male,180.188.168.195
164,Margaret,Robinson,mrobinson4j@mapquest.com,Female,41.94.69.197
165,Richard,Kelley,rkelley4k@miibeian.gov.cn,Male,42.126.3.84
166,Louise,Black,lblack4l@sbwire.com,Female,133.149.205.89
167,Jerry,Johnston,jjohnston4m@goodreads.com,Male,70.219.238.168
168,Steve,Lewis,slewis4n@cnn.com,Male,14.72.40.145
169,Phillip,Tucker,ptucker4o@dion.ne.jp,Male,224.165.62.20
170,Ralph,Richards,rrichards4p@jugem.jp,Male,58.74.135.231
171,Bobby,Banks,bbanks4q@bbb.org,Male,23.111.99.70
172,Steve,Fisher,sfisher4r@nydailynews.com,Male,43.93.211.21
173,Paula,Jenkins,pjenkins4s@ox.ac.uk,Female,98.140.64.232
174,Todd,Moore,tmoore4t@free.fr,Male,17.255.254.101
175,Jerry,Murphy,jmurphy4u@github.io,Male,64.125.158.68
176,James,Hart,jhart4v@skype.com,Male,151.228.18.199
177,Tammy,Armstrong,tarmstrong4w@sciencedirect.com,Female,247.51.103.241
178,Steve,West,swest4x@odnoklassniki.ru,Male,162.147.215.111
179,Dorothy,Flores,dflores4y@ovh.net,Female,75.204.171.15
180,Todd,Cunningham,tcunningham4z@biglobe.ne.jp,Male,195.22.253.98
181,William,Harvey,wharvey50@nih.gov,Male,151.15.134.77
182,Christine,Henry,chenry51@oakley.com,Female,173.188.56.84
183,Joan,Ryan,jryan52@networkadvertising.org,Female,195.49.40.250
184,Janet,Henry,jhenry53@parallels.com,Female,194.206.236.153
185,Edward,Ortiz,eortiz54@eepurl.com,Male,13.91.10.130
186,Janet,Butler,jbutler55@eventbrite.com,Female,189.101.121.132
187,Joshua,Martin,jmartin56@scientificamerican.com,Male,134.150.115.235
188,Eric,Bell,ebell57@cpanel.net,Male,104.7.180.158
189,Joshua,Andrews,jandrews58@behance.net,Male,130.106.208.177
190,Todd,Weaver,tweaver59@washington.edu,Male,212.228.95.77
191,Anthony,Mcdonald,amcdonald5a@abc.net.au,Male,37.8.131.99
192,Edward,Carroll,ecarroll5b@flickr.com,Male,96.17.147.125
193,John,Sullivan,jsullivan5c@walmart.com,Male,139.216.186.237
194,Ruth,Alvarez,ralvarez5d@samsung.com,Female,138.140.41.99
195,Albert,Harris,aharris5e@liveinternet.ru,Male,230.42.239.30
196,Phyllis,Chapman,pchapman5f@mtv.com,Female,131.164.105.100
197,Kenneth,Grant,kgrant5g@chicagotribune.com,Male,55.40.75.124
198,Laura,Turner,lturner5h@bloglines.com,Female,34.65.30.41
199,Marie,Hughes,mhughes5i@trellian.com,Female,4.131.108.136
200,Edward,Perry,eperry5j@foxnews.com,Male,138.246.119.38
201,Sandra,Austin,saustin5k@wufoo.com,Female,99.34.192.40
202,Nicholas,Richards,nrichards5l@blogger.com,Male,254.167.223.102
203,Elizabeth,Hunter,ehunter5m@yellowbook.com,Female,81.200.61.240
204,Lois,Jacobs,ljacobs5n@jalbum.net,Female,7.64.123.18
205,Mark,Moreno,mmoreno5o@berkeley.edu,Male,189.88.65.1
206,Tina,Reid,treid5p@gizmodo.com,Female,197.182.73.90
207,Martin,Richardson,mrichardson5q@jiathis.com,Male,177.154.38.111
208,Frank,Wells,fwells5r@ameblo.jp,Male,183.169.34.237
209,Peter,Perez,pperez5s@umn.edu,Male,47.203.115.158
210,Patricia,Ray,pray5t@wufoo.com,Female,139.150.90.132
211,Debra,Ruiz,druiz5u@ameblo.jp,Female,211.183.79.201
212,Steve,Graham,sgraham5v@cam.ac.uk,Male,129.1.55.174
213,Peter,Hill,phill5w@cnbc.com,Male,233.38.215.188
214,Ryan,Henderson,rhenderson5x@wordpress.com,Male,8.122.82.188
215,Johnny,Reyes,jreyes5y@cdbaby.com,Male,95.168.255.160
216,Raymond,Oliver,roliver5z@prnewswire.com,Male,136.0.173.183
217,Jeremy,Dean,jdean60@cargocollective.com,Male,95.101.160.191
218,Kathleen,Turner,kturner61@dot.gov,Female,143.234.129.230
219,Emily,Simmons,esimmons62@cloudflare.com,Female,229.209.21.246
220,Brandon,Wood,bwood63@163.com,Male,48.45.34.163
221,Catherine,Perry,cperry64@1und1.de,Female,167.219.6.217
222,Ashley,Snyder,asnyder65@themeforest.net,Female,201.91.191.179
223,Fred,Payne,fpayne66@skyrock.com,Male,187.96.78.171
224,Kimberly,Lawson,klawson67@bizjournals.com,Female,208.172.118.10
225,Aaron,Freeman,afreeman68@liveinternet.ru,Male,0.28.119.61
226,Gloria,Harvey,gharvey69@diigo.com,Female,6.233.126.117
227,Michael,Dixon,mdixon6a@omniture.com,Male,8.209.31.125
228,Heather,Mason,hmason6b@cargocollective.com,Female,54.186.35.178
229,Katherine,Turner,kturner6c@census.gov,Female,42.216.158.163
230,Debra,Bell,dbell6d@nytimes.com,Female,137.139.73.22
231,Virginia,Burton,vburton6e@goo.gl,Female,209.224.87.45
232,Kelly,Snyder,ksnyder6f@tripadvisor.com,Female,103.227.64.94
233,Ann,Knight,aknight6g@blogger.com,Female,57.155.206.95
234,Juan,Jenkins,jjenkins6h@meetup.com,Male,122.238.218.207
235,Jimmy,Hayes,jhayes6i@canalblog.com,Male,5.133.68.91
236,Kevin,Ruiz,kruiz6j@netvibes.com,Male,100.191.66.203
237,Billy,Moreno,bmoreno6k@youku.com,Male,203.163.253.209
238,Gary,Fields,gfields6l@reference.com,Male,188.76.80.32
239,Patricia,Davis,pdavis6m@reference.com,Female,7.173.247.57
240,Justin,Gonzales,jgonzales6n@people.com.cn,Male,52.235.212.110
241,Bonnie,Wells,bwells6o@tinypic.com,Female,204.19.137.244
242,Kevin,Arnold,karnold6p@mozilla.com,Male,193.173.162.49
243,Julia,Hansen,jhansen6q@about.com,Female,250.39.78.166
244,Steven,Dean,sdean6r@deliciousdays.com,Male,255.48.239.237
245,Mary,Palmer,mpalmer6s@nyu.edu,Female,114.85.252.37
246,Susan,Davis,sdavis6t@scientificamerican.com,Female,145.184.58.143
247,Steven,Hamilton,shamilton6u@flickr.com,Male,243.244.75.236
248,Kelly,Wilson,kwilson6v@sphinn.com,Female,65.242.122.6
249,Michelle,Perez,mperez6w@usatoday.com,Female,188.125.79.139
250,Ralph,Berry,rberry6x@naver.com,Male,2.120.222.123
251,Jennifer,Johnston,jjohnston6y@infoseek.co.jp,Female,249.232.65.22
252,Virginia,Jordan,vjordan6z@addtoany.com,Female,212.92.72.29
253,Alan,Young,ayoung70@webmd.com,Male,22.47.87.125
254,Phillip,Simpson,psimpson71@soup.io,Male,71.26.251.155
255,Howard,Greene,hgreene72@marketwatch.com,Male,225.137.45.246
256,Roy,Tucker,rtucker73@infoseek.co.jp,Male,83.247.25.59
257,Jessica,Freeman,jfreeman74@auda.org.au,Female,205.159.183.19
258,Gerald,Watson,gwatson75@storify.com,Male,100.105.250.54
259,Kimberly,Hayes,khayes76@cbc.ca,Female,91.19.219.53
260,Michael,Spencer,mspencer77@walmart.com,Male,252.138.204.249
261,Marilyn,Rivera,mrivera78@360.cn,Female,235.144.193.201
262,Norma,Hanson,nhanson79@ycombinator.com,Female,200.230.234.156
263,Andrea,Rice,arice7a@ca.gov,Female,244.209.23.192
264,Adam,Hernandez,ahernandez7b@fc2.com,Male,233.122.45.34
265,Rebecca,Berry,rberry7c@nba.com,Female,220.3.28.235
266,Earl,Webb,ewebb7d@msu.edu,Male,19.146.69.7
267,Doris,Welch,dwelch7e@163.com,Female,29.137.162.55
268,Christine,George,cgeorge7f@sciencedirect.com,Female,254.233.20.129
269,Joan,Clark,jclark7g@businesswire.com,Female,141.166.248.77
270,Heather,Nichols,hnichols7h@businessinsider.com,Female,246.126.26.230
271,Carlos,Patterson,cpatterson7i@amazonaws.com,Male,252.165.62.67
272,Phillip,Meyer,pmeyer7j@europa.eu,Male,21.87.106.5
273,Keith,Dixon,kdixon7k@disqus.com,Male,99.190.244.166
274,Judy,Mccoy,jmccoy7l@bloglovin.com,Female,34.96.170.221
275,Samuel,Anderson,sanderson7m@edublogs.org,Male,19.63.113.168
276,Patrick,Gilbert,pgilbert7n@unicef.org,Male,200.171.137.104
277,Kathy,Payne,kpayne7o@soup.io,Female,164.194.219.137
278,Evelyn,Carroll,ecarroll7p@hatena.ne.jp,Female,136.58.175.226
279,Marilyn,Carpenter,mcarpenter7q@goo.ne.jp,Female,84.32.241.29
280,Diane,Chapman,dchapman7r@dailymotion.com,Female,143.189.177.61
281,Dorothy,Howard,dhoward7s@joomla.org,Female,48.98.151.36
282,Mark,Fields,mfields7t@a8.net,Male,28.51.153.243
283,Harold,Smith,hsmith7u@unc.edu,Male,38.234.164.164
284,Samuel,Washington,swashington7v@whitehouse.gov,Male,248.42.232.46
285,John,Sullivan,jsullivan7w@uol.com.br,Male,154.62.212.89
286,Elizabeth,Wagner,ewagner7x@ucla.edu,Female,55.4.39.107
287,Aaron,Meyer,ameyer7y@merriam-webster.com,Male,81.220.250.120
288,Kathy,Murray,kmurray7z@vinaora.com,Female,238.17.123.92
289,Margaret,Hansen,mhansen80@amazon.co.uk,Female,151.26.168.118
290,Steven,Perkins,sperkins81@macromedia.com,Male,171.29.240.109
291,Matthew,Welch,mwelch82@geocities.com,Male,226.167.86.62
292,Eric,Matthews,ematthews83@stanford.edu,Male,92.234.230.185
293,Sara,King,sking84@bravesites.com,Female,59.255.75.225
294,Dennis,Hall,dhall85@va.gov,Male,58.242.246.131
295,Jessica,Fernandez,jfernandez86@forbes.com,Female,74.163.220.133
296,Jacqueline,Duncan,jduncan87@xing.com,Female,72.102.9.152
297,Amy,Watkins,awatkins88@vistaprint.com,Female,194.101.40.138
298,Catherine,Dixon,cdixon89@g.co,Female,61.28.134.10
299,Karen,Howell,khowell8a@webs.com,Female,143.253.190.251
300,Jesse,Wallace,jwallace8b@tiny.cc,Male,0.47.125.217
301,Edward,Johnston,ejohnston8c@gmpg.org,Male,241.183.172.51
302,Barbara,Torres,btorres8d@imageshack.us,Female,141.22.41.86
303,Edward,Mitchell,emitchell8e@smugmug.com,Male,100.92.52.212
304,Bruce,Moore,bmoore8f@biglobe.ne.jp,Male,73.140.7.253
305,Harry,Adams,hadams8g@google.com.hk,Male,27.6.157.172
306,Larry,Davis,ldavis8h@freewebs.com,Male,67.31.47.129
307,Betty,Jackson,bjackson8i@uiuc.edu,Female,196.37.30.170
308,Alan,Webb,awebb8j@sun.com,Male,131.193.211.166
309,Raymond,Carpenter,rcarpenter8k@lulu.com,Male,19.21.251.155
310,Samuel,West,swest8l@issuu.com,Male,204.197.195.252
311,Patrick,Alvarez,palvarez8m@netlog.com,Male,214.110.51.98
312,Martin,Marshall,mmarshall8n@hhs.gov,Male,136.36.32.23
313,Louis,Morris,lmorris8o@google.cn,Male,216.8.133.76
314,Amy,Alexander,aalexander8p@furl.net,Female,60.52.51.141
315,Timothy,Henry,thenry8q@webnode.com,Male,102.18.138.131
316,Rose,Sullivan,rsullivan8r@ebay.com,Female,130.116.134.35
317,Adam,Vasquez,avasquez8s@goo.gl,Male,90.123.224.171
318,Ernest,Fisher,efisher8t@intel.com,Male,55.235.193.159
319,Tina,Thompson,tthompson8u@freewebs.com,Female,53.192.184.182
320,Matthew,Willis,mwillis8v@opera.com,Male,186.135.78.138
321,Patrick,Mills,pmills8w@prweb.com,Male,232.126.3.221
322,Cynthia,Little,clittle8x@sourceforge.net,Female,106.187.236.189
323,Janice,Welch,jwelch8y@bloomberg.com,Female,201.50.123.164
324,Carl,Flores,cflores8z@huffingtonpost.com,Male,52.99.77.166
325,Debra,Morgan,dmorgan90@bandcamp.com,Female,116.253.162.251
326,Edward,Webb,ewebb91@discovery.com,Male,183.172.245.135
327,Timothy,Marshall,tmarshall92@msn.com,Male,13.211.17.27
328,Joseph,Ellis,jellis93@aol.com,Male,193.131.228.173
329,Maria,Armstrong,marmstrong94@ftc.gov,Female,18.238.184.97
330,Kathleen,Montgomery,kmontgomery95@chronoengine.com,Female,16.53.43.196
331,Samuel,Fuller,sfuller96@oakley.com,Male,80.30.67.31
332,Carol,Mccoy,cmccoy97@nps.gov,Female,28.193.221.40
333,Virginia,Welch,vwelch98@slashdot.org,Female,94.192.112.181
334,Kevin,Stevens,kstevens99@sina.com.cn,Male,157.151.80.241
335,Laura,Carter,lcarter9a@ezinearticles.com,Female,153.9.162.119
336,Ralph,Hunt,rhunt9b@weebly.com,Male,197.194.139.214
337,Sharon,Matthews,smatthews9c@discovery.com,Female,182.241.211.4
338,Lois,Ferguson,lferguson9d@hao123.com,Female,101.93.196.226
339,Steve,Hamilton,shamilton9e@comsenz.com,Male,115.243.147.73
340,Kathy,Henry,khenry9f@smh.com.au,Female,167.221.184.41
341,Dorothy,Stanley,dstanley9g@archive.org,Female,26.220.151.99
342,Todd,Fox,tfox9h@ow.ly,Male,239.253.19.183
343,Dennis,Rogers,drogers9i@wired.com,Male,224.11.154.238
344,Helen,Murray,hmurray9j@gov.uk,Female,6.6.35.69
345,Jacqueline,Rice,jrice9k@seattletimes.com,Female,91.233.16.124
346,Walter,Morales,wmorales9l@engadget.com,Male,190.109.92.240
347,Ronald,Taylor,rtaylor9m@disqus.com,Male,111.150.178.194
348,Carlos,Hernandez,chernandez9n@foxnews.com,Male,250.129.81.245
349,Henry,George,hgeorge9o@behance.net,Male,172.91.110.229
350,George,Fox,gfox9p@yandex.ru,Male,232.54.85.18
351,Kelly,Fernandez,kfernandez9q@netlog.com,Female,221.3.189.122
352,Bruce,Martin,bmartin9r@about.com,Male,77.2.0.104
353,Barbara,Wagner,bwagner9s@reddit.com,Female,200.92.144.150
354,Brenda,Bryant,bbryant9t@unc.edu,Female,80.81.0.90
355,Tammy,Matthews,tmatthews9u@hao123.com,Female,73.232.143.79
356,Willie,Little,wlittle9v@jalbum.net,Male,170.205.144.161
357,Eugene,Reynolds,ereynolds9w@imgur.com,Male,156.142.72.90
358,Betty,Hughes,bhughes9x@soundcloud.com,Female,18.24.182.50
359,Louise,Hawkins,lhawkins9y@devhub.com,Female,0.221.108.84
360,Jesse,Hill,jhill9z@wired.com,Male,191.120.243.8
361,Gloria,Thompson,gthompsona0@archive.org,Female,129.137.10.64
362,Elizabeth,Boyd,eboyda1@goo.gl,Female,81.195.92.254
363,Jack,Henry,jhenrya2@discovery.com,Male,44.233.129.205
364,Evelyn,Montgomery,emontgomerya3@edublogs.org,Female,99.74.91.173
365,Craig,Burke,cburkea4@guardian.co.uk,Male,84.214.196.188
366,Melissa,Harper,mharpera5@live.com,Female,22.83.222.82
367,Timothy,Ray,traya6@feedburner.com,Male,117.140.160.216
368,Antonio,Parker,aparkera7@google.com.br,Male,32.224.116.105
369,Margaret,Romero,mromeroa8@ibm.com,Female,67.0.217.41
370,Craig,Butler,cbutlera9@independent.co.uk,Male,158.141.5.87
371,Margaret,Anderson,mandersonaa@businesswire.com,Female,101.34.86.227
372,Emily,Taylor,etaylorab@cdbaby.com,Female,94.204.58.250
373,Ralph,Fowler,rfowlerac@statcounter.com,Male,148.42.203.228
374,Ashley,Patterson,apattersonad@163.com,Female,107.174.183.215
375,Arthur,Duncan,aduncanae@gnu.org,Male,62.120.164.200
376,Carol,Mccoy,cmccoyaf@paginegialle.it,Female,82.104.8.163
377,Marilyn,Ruiz,mruizag@wisc.edu,Female,141.231.196.44
378,Joyce,Wright,jwrightah@paypal.com,Female,149.56.141.96
379,Shawn,Simmons,ssimmonsai@constantcontact.com,Male,81.106.168.40
380,Deborah,Jones,djonesaj@youtube.com,Female,200.237.253.233
381,Brian,Martinez,bmartinezak@e-recht24.de,Male,214.83.96.209
382,Kathleen,Jenkins,kjenkinsal@bbb.org,Female,140.205.50.70
383,Frances,Ortiz,fortizam@blogger.com,Female,42.141.108.167
384,Laura,Coleman,lcolemanan@businessinsider.com,Female,227.25.15.246
385,Karen,Boyd,kboydao@sitemeter.com,Female,32.224.126.76
386,Tammy,Baker,tbakerap@guardian.co.uk,Female,187.41.141.249
387,Jeffrey,Welch,jwelchaq@moonfruit.com,Male,99.28.35.145
388,Andrew,Kelly,akellyar@github.io,Male,123.217.103.143
389,Charles,Burke,cburkeas@biglobe.ne.jp,Male,10.231.118.187
390,Diana,Hayes,dhayesat@alibaba.com,Female,85.24.154.46
391,Susan,Gutierrez,sgutierrezau@cbc.ca,Female,170.104.36.236
392,Judy,Wright,jwrightav@fda.gov,Female,176.108.236.160
393,Henry,Robinson,hrobinsonaw@hatena.ne.jp,Male,208.37.25.67
394,Janice,Lane,jlaneax@mail.ru,Female,81.122.146.4
395,Ralph,Vasquez,rvasquezay@angelfire.com,Male,116.188.28.98
396,Mark,Freeman,mfreemanaz@sciencedirect.com,Male,28.90.121.8
397,Robert,Morgan,rmorganb0@dyndns.org,Male,30.41.121.137
398,Cynthia,Martinez,cmartinezb1@mlb.com,Female,198.36.20.13
399,Fred,Carpenter,fcarpenterb2@indiegogo.com,Male,40.121.232.139
400,Jeffrey,Day,jdayb3@adobe.com,Male,197.243.234.136
401,Jennifer,Lee,jleeb4@studiopress.com,Female,120.89.171.84
402,Kevin,Wilson,kwilsonb5@mlb.com,Male,111.79.100.191
403,Martin,Butler,mbutlerb6@odnoklassniki.ru,Male,151.27.221.14
404,Jose,Romero,jromerob7@cafepress.com,Male,66.1.90.183
405,Raymond,Patterson,rpattersonb8@oracle.com,Male,114.205.153.25
406,Nicholas,Flores,nfloresb9@fema.gov,Male,117.29.237.139
407,David,Ray,drayba@sogou.com,Male,200.31.65.75
408,Jessica,Gibson,jgibsonbb@chronoengine.com,Female,0.160.128.156
409,Judy,Robinson,jrobinsonbc@rediff.com,Female,123.124.196.199
410,Larry,Bishop,lbishopbd@dagondesign.com,Male,81.153.248.44
411,Brenda,Lawrence,blawrencebe@ihg.com,Female,63.178.153.121
412,Martha,Meyer,mmeyerbf@sphinn.com,Female,185.129.251.143
413,Pamela,Gonzales,pgonzalesbg@yolasite.com,Female,106.19.172.12
414,Judith,Graham,jgrahambh@china.com.cn,Female,10.87.90.243
415,Doris,Lawson,dlawsonbi@soup.io,Female,156.85.71.220
416,Virginia,Sanchez,vsanchezbj@google.it,Female,223.209.164.154
417,Sara,Hanson,shansonbk@globo.com,Female,222.19.175.94
418,Carol,Wheeler,cwheelerbl@wp.com,Female,138.79.13.35
419,Jean,Sims,jsimsbm@jimdo.com,Female,55.75.47.174
420,Wanda,Chavez,wchavezbn@cafepress.com,Female,192.183.177.246
421,Ralph,Andrews,randrewsbo@gmpg.org,Male,48.153.61.219
422,Robert,Foster,rfosterbp@gravatar.com,Male,34.21.134.91
423,Edward,Freeman,efreemanbq@cloudflare.com,Male,187.182.57.11
424,Keith,Cook,kcookbr@gravatar.com,Male,70.215.49.6
425,Carolyn,Hernandez,chernandezbs@ycombinator.com,Female,233.146.51.224
426,Philip,Coleman,pcolemanbt@sfgate.com,Male,47.47.194.82
427,Clarence,Barnes,cbarnesbu@qq.com,Male,170.81.199.119
428,Howard,Banks,hbanksbv@dell.com,Male,178.73.155.11
429,Jessica,Hunt,jhuntbw@imdb.com,Female,36.175.180.98
430,Judith,Young,jyoungbx@google.com.au,Female,196.195.65.131
431,Elizabeth,Daniels,edanielsby@people.com.cn,Female,196.199.154.232
432,Antonio,Kelley,akelleybz@amazon.com,Male,218.217.223.212
433,Roger,Hamilton,rhamiltonc0@over-blog.com,Male,137.102.189.189
434,Judith,Welch,jwelchc1@ustream.tv,Female,25.229.232.210
435,Gregory,Williams,gwilliamsc2@nifty.com,Male,92.93.101.39
436,Brandon,Butler,bbutlerc3@blog.com,Male,112.190.170.246
437,Nicole,Thomas,nthomasc4@blog.com,Female,124.87.126.6
438,Arthur,Austin,aaustinc5@aol.com,Male,166.100.183.218
439,Kathryn,Daniels,kdanielsc6@xinhuanet.com,Female,241.163.23.140
440,Justin,Hansen,jhansenc7@china.com.cn,Male,29.169.122.154
441,Fred,Wilson,fwilsonc8@japanpost.jp,Male,162.153.224.182
442,Andrew,Hanson,ahansonc9@nbcnews.com,Male,83.120.29.189
443,Judith,Perkins,jperkinsca@hexun.com,Female,93.193.89.144
444,Diane,Richardson,drichardsoncb@ox.ac.uk,Female,250.19.223.44
445,Sarah,Bennett,sbennettcc@cyberchimps.com,Female,113.238.69.48
446,Ruth,Hansen,rhansencd@nifty.com,Female,182.227.244.235
447,Joyce,Harper,jharperce@cbc.ca,Female,19.225.109.240
448,Jesse,Montgomery,jmontgomerycf@xinhuanet.com,Male,110.171.248.255
449,Paula,Bailey,pbaileycg@squidoo.com,Female,95.97.154.1
450,Elizabeth,Riley,erileych@ifeng.com,Female,99.113.6.147
451,Nicole,Gibson,ngibsonci@sun.com,Female,65.55.153.219
452,Tammy,Wood,twoodcj@whitehouse.gov,Female,47.252.153.131
453,Ann,Stone,astoneck@wufoo.com,Female,63.8.88.53
454,Amanda,Peterson,apetersoncl@wired.com,Female,245.100.109.156
455,Gregory,Jordan,gjordancm@unblog.fr,Male,236.24.113.204
456,Ryan,Gonzalez,rgonzalezcn@columbia.edu,Male,204.74.93.190
457,Victor,Barnes,vbarnesco@abc.net.au,Male,225.62.161.235
458,Patricia,Torres,ptorrescp@yahoo.co.jp,Female,56.63.205.250
459,Keith,Edwards,kedwardscq@arizona.edu,Male,76.195.199.158
460,Gerald,Boyd,gboydcr@live.com,Male,226.31.154.124
461,Randy,Williamson,rwilliamsoncs@amazonaws.com,Male,237.195.66.236
462,Robert,Cox,rcoxct@chronoengine.com,Male,34.186.213.160
463,Billy,Mcdonald,bmcdonaldcu@blogs.com,Male,91.8.39.155
464,Susan,Stone,sstonecv@msn.com,Female,108.105.103.44
465,Gary,Patterson,gpattersoncw@google.com,Male,122.23.69.44
466,Julia,Palmer,jpalmercx@time.com,Female,145.85.44.255
467,Cynthia,Ramos,cramoscy@ameblo.jp,Female,220.127.193.172
468,Annie,Ortiz,aortizcz@yellowpages.com,Female,129.21.231.220
469,Cheryl,Hamilton,chamiltond0@taobao.com,Female,220.187.113.31
470,Jason,Hunt,jhuntd1@phoca.cz,Male,234.194.172.236
471,Elizabeth,Anderson,eandersond2@amazon.co.uk,Female,232.118.232.234
472,Matthew,Hamilton,mhamiltond3@cnet.com,Male,75.47.112.45
473,Ruby,Austin,raustind4@hp.com,Female,155.8.31.1
474,Linda,Bradley,lbradleyd5@odnoklassniki.ru,Female,63.196.105.132
475,Debra,Fowler,dfowlerd6@shareasale.com,Female,180.94.37.254
476,Jose,Marshall,jmarshalld7@rambler.ru,Male,206.103.235.43
477,Lori,Ford,lfordd8@last.fm,Female,116.18.160.99
478,Marie,Phillips,mphillipsd9@indiatimes.com,Female,16.232.117.30
479,Christopher,Tucker,ctuckerda@npr.org,Male,208.232.200.89
480,Henry,Kim,hkimdb@shop-pro.jp,Male,36.229.178.117
481,Albert,Ramos,aramosdc@google.co.jp,Male,78.174.43.28
482,Lillian,Rodriguez,lrodriguezdd@tinyurl.com,Female,158.211.162.94
483,Raymond,Griffin,rgriffinde@i2i.jp,Male,36.237.31.120
484,Joe,Gibson,jgibsondf@devhub.com,Male,31.89.51.128
485,Janice,Porter,jporterdg@acquirethisname.com,Female,42.228.51.231
486,Johnny,Campbell,jcampbelldh@springer.com,Male,186.35.240.1
487,Susan,Woods,swoodsdi@addtoany.com,Female,10.121.68.21
488,Lori,James,ljamesdj@nba.com,Female,142.248.29.139
489,Gregory,Nguyen,gnguyendk@slideshare.net,Male,112.238.216.77
490,Gregory,Bennett,gbennettdl@indiegogo.com,Male,20.210.11.88
491,Kathy,Dean,kdeandm@blinklist.com,Female,155.164.2.29
492,Alan,Mendoza,amendozadn@opensource.org,Male,9.236.159.222
493,Stephanie,Tucker,stuckerdo@wordpress.com,Female,157.38.213.159
494,Judith,Bennett,jbennettdp@wix.com,Female,238.169.14.101
495,Kenneth,Perry,kperrydq@prnewswire.com,Male,77.210.175.142
496,John,Ramos,jramosdr@fastcompany.com,Male,144.143.68.187
497,Harry,Bowman,hbowmands@chicagotribune.com,Male,65.152.218.79
498,Jean,Larson,jlarsondt@whitehouse.gov,Female,38.44.64.160
499,Timothy,Coleman,tcolemandu@boston.com,Male,207.147.157.231
500,Jonathan,Welch,jwelchdv@sciencedaily.com,Male,178.147.144.110
501,Marilyn,Hayes,mhayesdw@aboutads.info,Female,209.185.75.99
502,Anthony,Dunn,adunndx@engadget.com,Male,76.208.161.43
503,Jimmy,Willis,jwillisdy@apache.org,Male,148.105.14.112
504,Martha,Gonzales,mgonzalesdz@alexa.com,Female,217.1.153.83
505,Angela,Elliott,aelliotte0@cargocollective.com,Female,234.54.209.29
506,Jacqueline,Willis,jwillise1@slate.com,Female,185.11.248.171
507,Lillian,Green,lgreene2@posterous.com,Female,234.62.175.214
508,Christine,Bishop,cbishope3@usatoday.com,Female,213.174.225.195
509,Louise,Carter,lcartere4@apple.com,Female,91.38.4.216
510,Chris,Morales,cmoralese5@webs.com,Male,140.106.24.161
511,Beverly,Daniels,bdanielse6@purevolume.com,Female,242.210.232.65
512,Cheryl,George,cgeorgee7@51.la,Female,115.135.21.90
513,Antonio,Wells,awellse8@ezinearticles.com,Male,100.3.167.116
514,Donald,Shaw,dshawe9@cocolog-nifty.com,Male,103.161.115.255
515,Jennifer,Young,jyoungea@time.com,Female,234.134.167.77
516,Amanda,Harris,aharriseb@xrea.com,Female,55.178.65.63
517,Heather,Sullivan,hsullivanec@youku.com,Female,73.216.88.227
518,Ashley,Duncan,aduncaned@chronoengine.com,Female,254.252.126.130
519,Donna,Mccoy,dmccoyee@amazon.co.jp,Female,26.73.240.243
520,Clarence,Jordan,cjordanef@jiathis.com,Male,225.140.32.250
521,Edward,Ruiz,eruizeg@stanford.edu,Male,123.146.155.113
522,Katherine,Montgomery,kmontgomeryeh@ifeng.com,Female,93.244.225.46
523,Ruby,Fox,rfoxei@twitter.com,Female,125.219.14.111
524,Nicole,Little,nlittleej@digg.com,Female,10.190.38.55
525,Terry,Black,tblackek@seattletimes.com,Male,125.115.54.60
526,Frances,Tucker,ftuckerel@china.com.cn,Female,251.254.88.22
527,Andrea,Dixon,adixonem@ted.com,Female,87.83.161.253
528,John,Johnson,jjohnsonen@washington.edu,Male,247.183.178.93
529,Ann,Fernandez,afernandezeo@hexun.com,Female,173.209.79.143
530,Amy,Gray,agrayep@toplist.cz,Female,191.63.216.136
531,Louise,Boyd,lboydeq@theguardian.com,Female,230.213.224.214
532,Diana,Hicks,dhickser@gmpg.org,Female,115.133.142.40
533,Edward,Hicks,ehickses@soup.io,Male,193.162.198.240
534,Carlos,Sims,csimset@ycombinator.com,Male,192.44.26.102
535,Melissa,Andrews,mandrewseu@tmall.com,Female,87.161.125.184
536,Anthony,Davis,adavisev@cdc.gov,Male,255.164.24.93
537,Gloria,Hall,ghallew@4shared.com,Female,125.111.221.188
538,Shawn,Burton,sburtonex@sourceforge.net,Male,149.92.225.70
539,Kevin,Richards,krichardsey@facebook.com,Male,57.92.63.212
540,Scott,Diaz,sdiazez@home.pl,Male,157.206.38.219
541,Benjamin,Lawson,blawsonf0@google.pl,Male,9.172.56.35
542,Betty,Peterson,bpetersonf1@twitter.com,Female,235.99.219.85
543,Jimmy,Nguyen,jnguyenf2@dot.gov,Male,156.184.122.157
544,Kathryn,Tucker,ktuckerf3@comsenz.com,Female,17.231.244.106
545,Mark,Holmes,mholmesf4@loc.gov,Male,28.251.33.241
546,Sean,Ross,srossf5@businessweek.com,Male,84.89.165.253
547,Eugene,Moreno,emorenof6@yandex.ru,Male,219.14.152.87
548,Patricia,Banks,pbanksf7@instagram.com,Female,195.167.91.237
549,Jennifer,Armstrong,jarmstrongf8@google.com.hk,Female,227.82.1.239
550,Donald,Mendoza,dmendozaf9@yellowpages.com,Male,82.16.216.147
551,Kelly,Gilbert,kgilbertfa@feedburner.com,Female,77.112.167.217
552,Terry,Sanchez,tsanchezfb@ovh.net,Male,216.163.115.122
553,Jeremy,Smith,jsmithfc@fda.gov,Male,228.179.221.245
554,Paula,Bowman,pbowmanfd@skype.com,Female,136.63.80.225
555,Antonio,Matthews,amatthewsfe@indiatimes.com,Male,116.71.81.240
556,Eric,Johnston,ejohnstonff@yellowbook.com,Male,220.75.199.73
557,Diana,Roberts,drobertsfg@joomla.org,Female,212.191.171.210
558,James,Wheeler,jwheelerfh@diigo.com,Male,4.242.134.167
559,Lois,Wallace,lwallacefi@flickr.com,Female,38.125.58.168
560,Linda,Black,lblackfj@fda.gov,Female,192.189.142.148
561,Janet,Richards,jrichardsfk@google.com,Female,99.161.251.69
562,Philip,Owens,powensfl@aol.com,Male,26.193.238.124
563,Janet,Wallace,jwallacefm@businesswire.com,Female,210.228.222.5
564,Joe,Rivera,jriverafn@amazon.co.jp,Male,220.108.58.109
565,Martha,Chavez,mchavezfo@intel.com,Female,179.182.15.35
566,Joyce,Reid,jreidfp@naver.com,Female,214.163.90.63
567,Christina,Kelley,ckelleyfq@epa.gov,Female,26.167.230.98
568,David,Simmons,dsimmonsfr@cam.ac.uk,Male,11.83.211.41
569,Melissa,Vasquez,mvasquezfs@moonfruit.com,Female,186.199.64.3
570,Angela,West,awestft@noaa.gov,Female,40.196.69.38
571,Willie,Garcia,wgarciafu@abc.net.au,Male,81.81.97.166
572,Juan,Castillo,jcastillofv@huffingtonpost.com,Male,105.187.36.84
573,Mildred,Hunt,mhuntfw@ifeng.com,Female,103.89.163.232
574,Joshua,Bell,jbellfx@dagondesign.com,Male,248.202.173.245
575,Joseph,Flores,jfloresfy@newsvine.com,Male,8.126.62.197
576,Nicholas,Stephens,nstephensfz@gmpg.org,Male,248.113.43.151
577,Paul,Armstrong,parmstrongg0@elegantthemes.com,Male,30.88.232.202
578,Michael,Banks,mbanksg1@behance.net,Male,225.231.75.145
579,Anna,Hicks,ahicksg2@seattletimes.com,Female,33.215.197.58
580,Kevin,Fields,kfieldsg3@bandcamp.com,Male,94.35.213.227
581,David,Nelson,dnelsong4@etsy.com,Male,200.47.124.90
582,Samuel,Palmer,spalmerg5@goo.ne.jp,Male,212.96.20.1
583,Sara,Ward,swardg6@bluehost.com,Female,99.147.130.158
584,Frances,Morrison,fmorrisong7@home.pl,Female,217.216.168.194
585,Adam,Pierce,apierceg8@latimes.com,Male,92.238.61.17
586,Jack,Bishop,jbishopg9@umn.edu,Male,229.82.78.159
587,Harold,Andrews,handrewsga@ycombinator.com,Male,28.236.43.97
588,Anne,Simpson,asimpsongb@boston.com,Female,215.174.167.0
589,Denise,Ross,drossgc@storify.com,Female,182.44.90.44
590,Frank,Wagner,fwagnergd@homestead.com,Male,121.59.138.193
591,Clarence,Stephens,cstephensge@mit.edu,Male,184.189.206.22
592,Linda,Burke,lburkegf@smh.com.au,Female,62.216.171.113
593,Johnny,Mason,jmasongg@digg.com,Male,251.243.167.79
594,Jean,Stevens,jstevensgh@yandex.ru,Female,73.72.144.84
595,Jane,Perez,jperezgi@globo.com,Female,71.85.63.101
596,Lori,Ortiz,lortizgj@youtu.be,Female,22.196.209.162
597,Emily,Spencer,espencergk@dmoz.org,Female,190.120.131.22
598,Christine,Pierce,cpiercegl@google.fr,Female,119.122.181.120
599,Phyllis,Palmer,ppalmergm@ftc.gov,Female,127.181.125.42
600,Emily,Fowler,efowlergn@dot.gov,Female,61.217.254.162
601,Lois,Frazier,lfraziergo@digg.com,Female,59.176.238.105
602,Debra,Bryant,dbryantgp@gnu.org,Female,79.96.196.214
603,Douglas,Collins,dcollinsgq@bizjournals.com,Male,10.73.249.128
604,Kimberly,Reed,kreedgr@storify.com,Female,140.68.210.141
605,Jimmy,Cruz,jcruzgs@de.vu,Male,128.85.143.187
606,Todd,Barnes,tbarnesgt@china.com.cn,Male,150.217.168.238
607,Steve,Johnson,sjohnsongu@bing.com,Male,133.16.77.50
608,Michael,Bailey,mbaileygv@smh.com.au,Male,129.176.232.191
609,Nicholas,Jones,njonesgw@archive.org,Male,201.182.195.208
610,Fred,James,fjamesgx@so-net.ne.jp,Male,222.215.229.185
611,Clarence,Stewart,cstewartgy@ted.com,Male,101.35.119.208
612,Sarah,Montgomery,smontgomerygz@google.com,Female,245.227.145.19
613,Judith,Reed,jreedh0@wisc.edu,Female,32.120.204.247
614,Brenda,Boyd,bboydh1@uol.com.br,Female,185.79.195.149
615,Louise,Black,lblackh2@eepurl.com,Female,53.140.14.95
616,Paul,Knight,pknighth3@bizjournals.com,Male,157.212.217.176
617,Diane,Sullivan,dsullivanh4@opera.com,Female,116.46.157.229
618,Carlos,Nguyen,cnguyenh5@tinypic.com,Male,243.41.57.212
619,Susan,Meyer,smeyerh6@gizmodo.com,Female,203.151.19.32
620,Kathryn,Lewis,klewish7@comsenz.com,Female,134.8.175.72
621,Louise,Cooper,lcooperh8@vinaora.com,Female,132.6.14.54
622,Daniel,Murphy,dmurphyh9@myspace.com,Male,150.166.174.105
623,Joseph,Robertson,jrobertsonha@disqus.com,Male,112.180.149.8
624,Eric,Medina,emedinahb@dell.com,Male,95.19.226.49
625,Christine,Davis,cdavishc@ask.com,Female,37.146.76.158
626,Louis,Hayes,lhayeshd@booking.com,Male,96.211.241.207
627,Mildred,Roberts,mrobertshe@plala.or.jp,Female,93.111.157.96
628,Patricia,Mccoy,pmccoyhf@last.fm,Female,108.204.130.232
629,Antonio,Knight,aknighthg@howstuffworks.com,Male,217.105.76.53
630,Amy,Montgomery,amontgomeryhh@kickstarter.com,Female,133.119.161.130
631,Bobby,Dunn,bdunnhi@illinois.edu,Male,224.168.34.233
632,Andrea,Boyd,aboydhj@wp.com,Female,39.43.227.197
633,Dennis,Larson,dlarsonhk@irs.gov,Male,194.74.247.47
634,Kathy,Powell,kpowellhl@miitbeian.gov.cn,Female,234.249.213.51
635,Albert,Miller,amillerhm@japanpost.jp,Male,210.215.38.35
636,Ryan,Ford,rfordhn@exblog.jp,Male,43.104.85.44
637,Virginia,Jenkins,vjenkinsho@cargocollective.com,Female,182.1.43.123
638,Ernest,Hughes,ehugheshp@flavors.me,Male,217.85.233.181
639,Russell,Medina,rmedinahq@sohu.com,Male,194.158.151.236
640,Anthony,Burton,aburtonhr@latimes.com,Male,141.74.119.167
641,Justin,Armstrong,jarmstronghs@diigo.com,Male,13.152.91.243
642,Rebecca,Berry,rberryht@wix.com,Female,133.166.189.37
643,Martha,Hicks,mhickshu@freewebs.com,Female,156.138.178.57
644,Howard,Cox,hcoxhv@ocn.ne.jp,Male,90.165.4.120
645,Betty,Alvarez,balvarezhw@jiathis.com,Female,159.137.32.193
646,Brenda,Hawkins,bhawkinshx@telegraph.co.uk,Female,11.11.5.175
647,Christine,Lee,cleehy@statcounter.com,Female,89.2.101.222
648,Russell,Wilson,rwilsonhz@deviantart.com,Male,70.53.102.173
649,Thomas,Ward,twardi0@domainmarket.com,Male,176.242.34.183
650,Steven,West,swesti1@dot.gov,Male,132.134.78.17
651,Frank,Rivera,friverai2@timesonline.co.uk,Male,123.26.135.146
652,Patricia,Ramos,pramosi3@unc.edu,Female,114.2.1.177
653,Lawrence,Williamson,lwilliamsoni4@oakley.com,Male,48.226.104.7
654,Shirley,Thomas,sthomasi5@skyrock.com,Female,97.220.89.229
655,Robert,Gilbert,rgilberti6@yolasite.com,Male,28.216.214.119
656,Irene,Romero,iromeroi7@youtube.com,Female,136.108.49.47
657,George,Ramos,gramosi8@github.com,Male,163.168.216.52
658,Kathleen,Robertson,krobertsoni9@free.fr,Female,185.76.18.185
659,Ruth,Harrison,rharrisonia@trellian.com,Female,117.92.112.23
660,Laura,Garrett,lgarrettib@cisco.com,Female,71.247.71.107
661,Angela,Reid,areidic@google.com,Female,235.253.135.121
662,Anthony,Oliver,aoliverid@mysql.com,Male,212.62.207.187
663,Ruby,George,rgeorgeie@sbwire.com,Female,172.4.251.11
664,Matthew,Mcdonald,mmcdonaldif@mozilla.com,Male,185.208.131.43
665,Dennis,Owens,dowensig@upenn.edu,Male,209.147.31.221
666,Ernest,Daniels,edanielsih@state.gov,Male,251.27.101.53
667,John,Nelson,jnelsonii@dmoz.org,Male,70.174.188.229
668,Jeremy,Cole,jcoleij@whitehouse.gov,Male,202.19.241.196
669,Christine,Austin,caustinik@army.mil,Female,86.187.49.231
670,Sarah,Hayes,shayesil@odnoklassniki.ru,Female,67.30.124.172
671,Christina,Thompson,cthompsonim@bravesites.com,Female,15.48.246.198
672,Lisa,Fox,lfoxin@prnewswire.com,Female,79.18.209.8
673,Patricia,Rice,priceio@java.com,Female,83.20.188.31
674,Keith,Jordan,kjordanip@theglobeandmail.com,Male,48.40.133.39
675,Rose,Jacobs,rjacobsiq@wisc.edu,Female,210.62.72.28
676,Joan,Long,jlongir@shutterfly.com,Female,7.216.178.205
677,Bruce,Burton,bburtonis@istockphoto.com,Male,23.230.92.12
678,Terry,Young,tyoungit@bluehost.com,Male,148.101.83.236
679,Robin,Martin,rmartiniu@hhs.gov,Female,143.205.175.187
680,Bonnie,Boyd,bboydiv@hud.gov,Female,141.78.219.90
681,Janice,Ramirez,jramireziw@addthis.com,Female,76.46.106.196
682,Carlos,Kelly,ckellyix@google.fr,Male,223.219.221.236
683,Judy,Kelly,jkellyiy@prlog.org,Female,78.223.3.27
684,Randy,Payne,rpayneiz@mac.com,Male,197.170.13.77
685,Christina,Rose,crosej0@fda.gov,Female,65.132.246.104
686,Jose,Garza,jgarzaj1@blogspot.com,Male,127.94.188.122
687,Amy,Coleman,acolemanj2@nps.gov,Female,5.80.52.222
688,Ernest,Rose,erosej3@seesaa.net,Male,166.13.43.124
689,Timothy,Nichols,tnicholsj4@ed.gov,Male,70.245.99.51
690,Paula,Holmes,pholmesj5@booking.com,Female,132.185.16.218
691,Jessica,Mendoza,jmendozaj6@livejournal.com,Female,43.144.222.77
692,Stephanie,Kennedy,skennedyj7@adobe.com,Female,128.176.114.46
693,Arthur,Jordan,ajordanj8@cnbc.com,Male,225.167.136.160
694,Andrea,Crawford,acrawfordj9@samsung.com,Female,211.61.222.93
695,Adam,Lane,alaneja@ed.gov,Male,37.63.237.188
696,Jacqueline,Alexander,jalexanderjb@google.de,Female,13.128.168.213
697,Carlos,Alexander,calexanderjc@virginia.edu,Male,137.249.98.44
698,Earl,Green,egreenjd@sphinn.com,Male,86.106.234.162
699,Diane,Evans,devansje@foxnews.com,Female,119.81.210.93
700,Andrew,Shaw,ashawjf@elpais.com,Male,216.227.72.120
701,Gerald,Chavez,gchavezjg@census.gov,Male,182.159.102.178
702,Robin,Garcia,rgarciajh@last.fm,Female,153.98.21.48
703,Ryan,Jacobs,rjacobsji@plala.or.jp,Male,193.92.184.181
704,Daniel,Duncan,dduncanjj@amazon.com,Male,120.232.63.53
705,Frank,Lewis,flewisjk@marketwatch.com,Male,64.113.69.132
706,Raymond,Thompson,rthompsonjl@cdc.gov,Male,4.78.73.154
707,Wayne,Oliver,woliverjm@nps.gov,Male,102.36.221.30
708,George,Diaz,gdiazjn@feedburner.com,Male,63.161.40.213
709,Karen,Moore,kmoorejo@virginia.edu,Female,155.209.80.201
710,Marilyn,Mcdonald,mmcdonaldjp@nhs.uk,Female,23.187.114.226
711,Sean,Graham,sgrahamjq@utexas.edu,Male,100.24.65.92
712,George,Holmes,gholmesjr@delicious.com,Male,245.212.60.147
713,Jeremy,Boyd,jboydjs@so-net.ne.jp,Male,166.17.236.174
714,Donna,Ray,drayjt@blogger.com,Female,64.221.92.246
715,Annie,Olson,aolsonju@vimeo.com,Female,243.213.22.194
716,Douglas,Clark,dclarkjv@elpais.com,Male,133.28.87.6
717,Katherine,Grant,kgrantjw@deliciousdays.com,Female,220.47.217.5
718,Juan,Graham,jgrahamjx@geocities.com,Male,58.214.21.134
719,James,Burns,jburnsjy@w3.org,Male,14.3.141.188
720,Doris,Wallace,dwallacejz@slate.com,Female,178.60.139.53
721,Elizabeth,Andrews,eandrewsk0@techcrunch.com,Female,112.178.246.46
722,Phyllis,Banks,pbanksk1@narod.ru,Female,185.68.172.127
723,Pamela,Garrett,pgarrettk2@apple.com,Female,189.145.21.255
724,Amy,Lopez,alopezk3@wisc.edu,Female,110.202.84.72
725,David,Lewis,dlewisk4@hostgator.com,Male,245.48.255.16
726,Kathryn,Green,kgreenk5@123-reg.co.uk,Female,152.190.170.47
727,Chris,Day,cdayk6@businessweek.com,Male,80.86.220.33
728,Judy,Kennedy,jkennedyk7@skype.com,Female,254.236.92.225
729,Roy,Thompson,rthompsonk8@census.gov,Male,52.1.136.33
730,Joseph,Ellis,jellisk9@dmoz.org,Male,164.196.220.238
731,Debra,Riley,drileyka@ox.ac.uk,Female,54.137.118.193
732,Louis,Stevens,lstevenskb@nationalgeographic.com,Male,120.150.148.249
733,Carol,Alexander,calexanderkc@opera.com,Female,55.19.192.72
734,Sara,Robinson,srobinsonkd@noaa.gov,Female,199.232.89.83
735,Steven,Garza,sgarzake@earthlink.net,Male,98.88.36.119
736,Steven,Russell,srussellkf@japanpost.jp,Male,119.88.127.161
737,Justin,Wagner,jwagnerkg@mac.com,Male,14.191.222.162
738,Michael,Perry,mperrykh@va.gov,Male,106.14.179.15
739,Justin,Nguyen,jnguyenki@wordpress.org,Male,223.162.77.175
740,Ashley,Sanders,asanderskj@nationalgeographic.com,Female,53.71.6.57
741,Evelyn,Nelson,enelsonkk@google.cn,Female,114.59.48.161
742,Marie,Carroll,mcarrollkl@youtu.be,Female,53.63.167.195
743,Nicholas,Owens,nowenskm@whitehouse.gov,Male,179.201.97.222
744,Rachel,Cox,rcoxkn@icio.us,Female,228.42.35.183
745,Jason,Watson,jwatsonko@apache.org,Male,42.6.81.148
746,Barbara,Bell,bbellkp@princeton.edu,Female,200.107.249.116
747,Angela,Gordon,agordonkq@ezinearticles.com,Female,240.87.40.122
748,Aaron,Weaver,aweaverkr@purevolume.com,Male,112.52.131.37
749,Henry,Jenkins,hjenkinsks@blinklist.com,Male,17.4.55.182
750,Nicole,Andrews,nandrewskt@barnesandnoble.com,Female,151.63.174.57
751,Steven,Cox,scoxku@who.int,Male,201.157.195.104
752,Ryan,Kim,rkimkv@google.nl,Male,96.236.73.232
753,Michelle,Richards,mrichardskw@weibo.com,Female,80.171.128.188
754,Christopher,Morrison,cmorrisonkx@discovery.com,Male,124.49.26.123
755,Jennifer,Williamson,jwilliamsonky@oakley.com,Female,58.91.0.23
756,Melissa,Garza,mgarzakz@time.com,Female,249.215.176.186
757,Robin,Henry,rhenryl0@timesonline.co.uk,Female,78.201.29.132
758,Robert,Moore,rmoorel1@twitter.com,Male,25.116.78.152
759,Carlos,Sanders,csandersl2@economist.com,Male,242.239.215.229
760,Jacqueline,Martin,jmartinl3@a8.net,Female,244.253.221.165
761,Jose,Gardner,jgardnerl4@yellowpages.com,Male,237.201.237.90
762,Ruby,Garza,rgarzal5@ca.gov,Female,36.255.60.131
763,Steve,Baker,sbakerl6@stumbleupon.com,Male,74.50.34.163
764,Melissa,Ellis,mellisl7@hao123.com,Female,81.209.18.54
765,Kenneth,Barnes,kbarnesl8@smh.com.au,Male,112.236.178.89
766,Joshua,Campbell,jcampbelll9@go.com,Male,57.9.160.64
767,Gregory,Castillo,gcastillola@1und1.de,Male,117.158.175.164
768,Larry,Lewis,llewislb@163.com,Male,77.172.124.54
769,Jeffrey,Burton,jburtonlc@t.co,Male,170.76.36.186
770,Phillip,Lynch,plynchld@amazon.de,Male,204.208.103.235
771,Emily,Payne,epaynele@elpais.com,Female,115.139.107.52
772,Scott,Vasquez,svasquezlf@independent.co.uk,Male,148.17.112.244
773,Teresa,Hansen,thansenlg@google.ru,Female,75.139.106.238
774,Ralph,Hernandez,rhernandezlh@reuters.com,Male,57.18.45.150
775,Jason,Lee,jleeli@nps.gov,Male,20.224.121.31
776,Joe,Price,jpricelj@virginia.edu,Male,51.67.247.213
777,James,Barnes,jbarneslk@techcrunch.com,Male,43.30.218.58
778,Larry,Jackson,ljacksonll@yale.edu,Male,131.41.211.176
779,Karen,Rogers,krogerslm@bigcartel.com,Female,209.215.253.34
780,Kimberly,Hall,khallln@sohu.com,Female,190.6.112.43
781,George,Armstrong,garmstronglo@blogs.com,Male,237.78.80.251
782,Henry,Scott,hscottlp@cmu.edu,Male,135.70.130.5
783,Judy,Wright,jwrightlq@walmart.com,Female,230.167.147.224
784,Susan,Dixon,sdixonlr@blogspot.com,Female,120.162.87.216
785,Steven,Lawrence,slawrencels@wikipedia.org,Male,15.219.66.7
786,Kenneth,Mccoy,kmccoylt@artisteer.com,Male,139.227.2.241
787,Peter,Bailey,pbaileylu@samsung.com,Male,184.68.227.65
788,Aaron,Barnes,abarneslv@apache.org,Male,173.182.34.166
789,Lori,Crawford,lcrawfordlw@icq.com,Female,233.112.68.76
790,James,Simpson,jsimpsonlx@marketwatch.com,Male,168.98.240.14
791,Jonathan,Brown,jbrownly@sourceforge.net,Male,6.37.240.251
792,Marie,Wheeler,mwheelerlz@creativecommons.org,Female,179.184.156.132
793,Karen,Payne,kpaynem0@dailymail.co.uk,Female,119.19.57.202
794,Victor,Garcia,vgarciam1@ibm.com,Male,132.113.165.97
795,Diana,Burton,dburtonm2@unc.edu,Female,255.63.215.198
796,Diana,Garrett,dgarrettm3@theglobeandmail.com,Female,240.41.54.225
797,Julie,Henry,jhenrym4@state.gov,Female,182.207.39.53
798,Steve,Kennedy,skennedym5@cmu.edu,Male,142.100.249.212
799,Amanda,Knight,aknightm6@uol.com.br,Female,81.141.86.66
800,Beverly,Medina,bmedinam7@chron.com,Female,39.68.84.224
801,Katherine,Ferguson,kfergusonm8@sogou.com,Female,13.120.60.7
802,Rose,Harrison,rharrisonm9@marketwatch.com,Female,134.113.167.26
803,William,Brown,wbrownma@google.fr,Male,141.124.120.65
804,Gerald,Banks,gbanksmb@macromedia.com,Male,23.70.219.13
805,Katherine,Meyer,kmeyermc@typepad.com,Female,163.73.88.251
806,Arthur,Cole,acolemd@bbb.org,Male,38.253.36.160
807,Susan,Patterson,spattersonme@360.cn,Female,221.126.38.176
808,Justin,Hunter,jhuntermf@ucoz.ru,Male,235.251.218.46
809,Cynthia,Griffin,cgriffinmg@cbsnews.com,Female,238.173.183.215
810,Harry,Lawrence,hlawrencemh@nymag.com,Male,183.122.113.111
811,Carlos,Mcdonald,cmcdonaldmi@webs.com,Male,222.68.83.83
812,Michael,Powell,mpowellmj@blog.com,Male,239.84.72.122
813,Stephanie,Harrison,sharrisonmk@abc.net.au,Female,99.53.39.120
814,Tammy,Davis,tdavisml@etsy.com,Female,35.245.89.140
815,Julie,Cole,jcolemm@naver.com,Female,191.93.176.27
816,Katherine,Nichols,knicholsmn@wp.com,Female,45.143.39.144
817,Dennis,Dixon,ddixonmo@statcounter.com,Male,20.6.146.221
818,Denise,Lane,dlanemp@macromedia.com,Female,248.5.191.187
819,Jack,Rivera,jriveramq@dedecms.com,Male,22.192.209.183
820,Eugene,Elliott,eelliottmr@auda.org.au,Male,95.21.255.133
821,Carl,Burton,cburtonms@paypal.com,Male,228.150.121.156
822,Lori,Marshall,lmarshallmt@furl.net,Female,94.76.151.38
823,Tina,Lee,tleemu@auda.org.au,Female,98.24.87.109
824,Douglas,Adams,dadamsmv@independent.co.uk,Male,165.178.232.166
825,Rebecca,Banks,rbanksmw@marriott.com,Female,207.184.122.204
826,Ralph,Berry,rberrymx@marketwatch.com,Male,106.230.216.140
827,Helen,Ford,hfordmy@scientificamerican.com,Female,208.195.84.55
828,Patrick,Hunter,phuntermz@odnoklassniki.ru,Male,171.99.126.219
829,Donald,Stanley,dstanleyn0@networksolutions.com,Male,130.210.124.86
830,Anne,Mills,amillsn1@epa.gov,Female,113.198.88.27
831,Douglas,Turner,dturnern2@de.vu,Male,20.199.143.114
832,Ruby,Griffin,rgriffinn3@blinklist.com,Female,91.236.134.22
833,Arthur,Parker,aparkern4@theglobeandmail.com,Male,196.145.202.73
834,Edward,Wells,ewellsn5@theglobeandmail.com,Male,17.81.145.122
835,Martha,Wright,mwrightn6@reuters.com,Female,61.154.47.61
836,Samuel,Duncan,sduncann7@github.com,Male,224.131.99.112
837,Charles,Butler,cbutlern8@cam.ac.uk,Male,211.162.172.233
838,Shirley,Nelson,snelsonn9@macromedia.com,Female,242.250.214.106
839,Patricia,Bennett,pbennettna@moonfruit.com,Female,114.205.56.235
840,Christopher,Parker,cparkernb@usda.gov,Male,189.120.123.39
841,Timothy,Allen,tallennc@nydailynews.com,Male,185.129.178.88
842,Sandra,Rivera,sriverand@feedburner.com,Female,236.32.107.196
843,Jeffrey,Ryan,jryanne@cafepress.com,Male,146.84.81.177
844,Earl,Ross,erossnf@addthis.com,Male,134.158.186.39
845,Peter,Martin,pmartinng@globo.com,Male,143.147.105.128
846,Wanda,Matthews,wmatthewsnh@is.gd,Female,58.112.157.10
847,Janice,Sullivan,jsullivanni@chicagotribune.com,Female,114.230.127.131
848,Nancy,Roberts,nrobertsnj@yelp.com,Female,171.20.165.123
849,Mildred,Mason,mmasonnk@gnu.org,Female,143.49.11.24
850,Jonathan,Washington,jwashingtonnl@usda.gov,Male,121.237.50.94
851,Ryan,Meyer,rmeyernm@technorati.com,Male,248.202.243.42
852,Angela,Gilbert,agilbertnn@ameblo.jp,Female,180.70.156.196
853,Stephen,Cole,scoleno@phoca.cz,Male,38.38.171.248
854,Scott,George,sgeorgenp@tmall.com,Male,164.152.103.36
855,Ruby,Sanders,rsandersnq@booking.com,Female,243.91.66.240
856,Lori,Gray,lgraynr@economist.com,Female,99.63.113.75
857,Nancy,Hawkins,nhawkinsns@flickr.com,Female,234.98.144.157
858,Denise,White,dwhitent@utexas.edu,Female,191.253.131.81
859,Johnny,Meyer,jmeyernu@newsvine.com,Male,186.64.184.159
860,Howard,Andrews,handrewsnv@netscape.com,Male,147.149.34.97
861,Jeffrey,Porter,jporternw@altervista.org,Male,55.161.66.240
862,Theresa,Gomez,tgomeznx@mapquest.com,Female,150.112.169.5
863,Laura,Griffin,lgriffinny@shinystat.com,Female,202.111.16.70
864,Kathy,Hanson,khansonnz@wordpress.org,Female,234.210.52.56
865,Albert,Carr,acarro0@live.com,Male,87.16.252.173
866,Norma,Henderson,nhendersono1@squidoo.com,Female,190.192.220.90
867,Pamela,Johnston,pjohnstono2@ocn.ne.jp,Female,255.220.181.171
868,Jennifer,Morales,jmoraleso3@dedecms.com,Female,176.167.206.105
869,Kathleen,Grant,kgranto4@wunderground.com,Female,142.179.165.241
870,Matthew,Williams,mwilliamso5@illinois.edu,Male,15.242.25.38
871,Anne,Roberts,arobertso6@house.gov,Female,173.110.142.43
872,Mildred,Snyder,msnydero7@howstuffworks.com,Female,90.244.238.158
873,Craig,Young,cyoungo8@tinyurl.com,Male,9.181.239.151
874,Teresa,Warren,twarreno9@twitpic.com,Female,47.92.245.224
875,Cynthia,Jenkins,cjenkinsoa@istockphoto.com,Female,113.215.215.198
876,Earl,Rodriguez,erodriguezob@google.co.jp,Male,183.211.40.31
877,Larry,West,lwestoc@wiley.com,Male,66.11.1.250
878,Nicole,Green,ngreenod@privacy.gov.au,Female,43.177.11.181
879,Amy,Lawrence,alawrenceoe@foxnews.com,Female,58.68.150.146
880,Anna,Black,ablackof@nba.com,Female,244.107.129.27
881,Ronald,Harvey,rharveyog@friendfeed.com,Male,10.80.1.255
882,Brandon,Simmons,bsimmonsoh@soundcloud.com,Male,214.72.187.144
883,Peter,Rivera,priveraoi@wikimedia.org,Male,141.226.241.18
884,Steve,Spencer,sspenceroj@census.gov,Male,251.160.42.121
885,Joseph,Morgan,jmorganok@woothemes.com,Male,64.252.179.75
886,Louis,Shaw,lshawol@moonfruit.com,Male,29.205.137.1
887,Janice,West,jwestom@webmd.com,Female,1.129.55.20
888,Louis,Howard,lhowardon@marketwatch.com,Male,106.138.146.139
889,Betty,Washington,bwashingtonoo@cnet.com,Female,248.9.197.28
890,Christine,Hamilton,chamiltonop@java.com,Female,102.65.11.117
891,Carol,Taylor,ctayloroq@edublogs.org,Female,124.22.102.151
892,Kenneth,Ryan,kryanor@reference.com,Male,218.13.245.156
893,Lillian,Sanchez,lsanchezos@google.com,Female,152.119.12.164
894,Gloria,Walker,gwalkerot@geocities.com,Female,208.3.224.174
895,Joyce,Hayes,jhayesou@1und1.de,Female,204.24.84.61
896,William,Coleman,wcolemanov@google.nl,Male,26.159.203.103
897,Samuel,Stanley,sstanleyow@opera.com,Male,141.59.104.126
898,Christine,James,cjamesox@epa.gov,Female,63.105.228.38
899,Rebecca,Hayes,rhayesoy@blogspot.com,Female,106.65.129.112
900,Alice,Cole,acoleoz@buzzfeed.com,Female,10.178.90.229
901,Laura,Dunn,ldunnp0@csmonitor.com,Female,131.108.133.24
902,Bruce,Edwards,bedwardsp1@slashdot.org,Male,230.147.236.168
903,Ruby,Hayes,rhayesp2@cloudflare.com,Female,18.183.109.79
904,Andrea,Dean,adeanp3@disqus.com,Female,87.35.78.121
905,Lori,Wheeler,lwheelerp4@dedecms.com,Female,149.105.113.184
906,Ann,Alvarez,aalvarezp5@csmonitor.com,Female,173.24.212.127
907,Kathleen,Banks,kbanksp6@squidoo.com,Female,36.38.32.68
908,Dennis,Ruiz,druizp7@elegantthemes.com,Male,120.25.179.131
909,Steve,White,swhitep8@statcounter.com,Male,105.255.120.189
910,Daniel,Burns,dburnsp9@oaic.gov.au,Male,174.227.38.136
911,George,Mccoy,gmccoypa@tmall.com,Male,70.228.217.95
912,Nancy,Meyer,nmeyerpb@moonfruit.com,Female,159.34.82.166
913,Anthony,Fowler,afowlerpc@soundcloud.com,Male,238.181.126.108
914,Andrea,Taylor,ataylorpd@foxnews.com,Female,129.53.177.249
915,Lori,Medina,lmedinape@telegraph.co.uk,Female,52.97.75.149
916,Johnny,Marshall,jmarshallpf@mlb.com,Male,106.97.23.68
917,Denise,Reyes,dreyespg@dell.com,Female,196.46.220.15
918,Lori,James,ljamesph@technorati.com,Female,57.55.44.128
919,Gary,Cruz,gcruzpi@mashable.com,Male,6.248.172.99
920,Lisa,Mason,lmasonpj@cnbc.com,Female,244.70.194.58
921,Deborah,Harper,dharperpk@amazonaws.com,Female,90.49.225.168
922,Dennis,White,dwhitepl@businessinsider.com,Male,46.207.39.230
923,Charles,Stanley,cstanleypm@ask.com,Male,30.230.34.212
924,Gerald,Edwards,gedwardspn@yellowbook.com,Male,1.101.2.170
925,Michael,Simpson,msimpsonpo@meetup.com,Male,101.164.189.249
926,Paula,Lewis,plewispp@msu.edu,Female,149.23.200.203
927,Justin,Wagner,jwagnerpq@addthis.com,Male,233.35.239.22
928,Terry,Turner,tturnerpr@chicagotribune.com,Male,89.245.219.23
929,John,Washington,jwashingtonps@sina.com.cn,Male,232.139.203.29
930,Paula,Wheeler,pwheelerpt@pcworld.com,Female,255.239.83.123
931,Harold,Clark,hclarkpu@shop-pro.jp,Male,192.110.152.77
932,Anne,Garrett,agarrettpv@si.edu,Female,86.171.129.5
933,Harry,Snyder,hsnyderpw@abc.net.au,Male,156.254.147.200
934,Jose,Martin,jmartinpx@taobao.com,Male,187.33.224.48
935,Jerry,Rodriguez,jrodriguezpy@huffingtonpost.com,Male,252.183.160.251
936,Kathryn,Gibson,kgibsonpz@pbs.org,Female,10.253.97.234
937,Helen,Knight,hknightq0@webmd.com,Female,77.248.160.11
938,Roy,Long,rlongq1@redcross.org,Male,11.105.225.245
939,Shirley,Knight,sknightq2@un.org,Female,165.65.75.254
940,Harold,Rodriguez,hrodriguezq3@mapquest.com,Male,237.213.72.218
941,Randy,Warren,rwarrenq4@marketwatch.com,Male,87.194.193.163
942,Kelly,Perkins,kperkinsq5@stanford.edu,Female,145.214.233.94
943,Pamela,Dixon,pdixonq6@prnewswire.com,Female,96.95.86.71
944,Cheryl,Jacobs,cjacobsq7@senate.gov,Female,204.212.142.215
945,Diana,Bell,dbellq8@narod.ru,Female,162.108.22.246
946,Joyce,Wallace,jwallaceq9@washington.edu,Female,134.23.91.71
947,Lori,Henry,lhenryqa@slashdot.org,Female,239.72.201.205
948,Aaron,Chavez,achavezqb@nytimes.com,Male,132.168.33.37
949,Matthew,Hayes,mhayesqc@theatlantic.com,Male,35.199.123.14
950,Gerald,Carroll,gcarrollqd@sourceforge.net,Male,13.21.2.88
951,Rose,Lee,rleeqe@prweb.com,Female,60.105.39.166
952,Pamela,Ellis,pellisqf@msn.com,Female,251.38.181.38
953,Joseph,Garcia,jgarciaqg@google.es,Male,164.227.152.70
954,Elizabeth,Parker,eparkerqh@360.cn,Female,112.119.174.141
955,Patrick,Cole,pcoleqi@godaddy.com,Male,61.174.129.183
956,Timothy,Carroll,tcarrollqj@smugmug.com,Male,151.214.114.58
957,Louis,Stevens,lstevensqk@prlog.org,Male,160.225.147.169
958,Antonio,Mason,amasonql@biglobe.ne.jp,Male,66.202.190.91
959,Charles,Roberts,crobertsqm@nih.gov,Male,94.9.162.42
960,George,Lawson,glawsonqn@ucoz.ru,Male,120.210.151.15
961,Steve,Moore,smooreqo@surveymonkey.com,Male,37.78.167.108
962,Lori,Anderson,landersonqp@auda.org.au,Female,118.124.100.89
963,Rose,Gibson,rgibsonqq@squidoo.com,Female,41.70.116.84
964,Roy,Ferguson,rfergusonqr@shop-pro.jp,Male,246.88.232.152
965,Joe,Wagner,jwagnerqs@umn.edu,Male,245.50.244.181
966,Mildred,Mills,mmillsqt@last.fm,Female,35.91.127.102
967,Walter,Warren,wwarrenqu@bandcamp.com,Male,225.116.207.200
968,George,Gibson,ggibsonqv@cdc.gov,Male,98.99.121.63
969,Helen,Medina,hmedinaqw@typepad.com,Female,45.39.254.110
970,Douglas,Fisher,dfisherqx@liveinternet.ru,Male,6.200.119.162
971,Susan,Perry,sperryqy@mail.ru,Female,21.100.193.254
972,Kevin,Lewis,klewisqz@flavors.me,Male,7.103.133.205
973,Lillian,Warren,lwarrenr0@webeden.co.uk,Female,73.33.155.22
974,Barbara,Cox,bcoxr1@feedburner.com,Female,225.195.78.12
975,Irene,Wilson,iwilsonr2@mapquest.com,Female,244.1.228.81
976,Norma,Perry,nperryr3@unblog.fr,Female,23.107.65.157
977,Donna,Fields,dfieldsr4@theatlantic.com,Female,207.42.6.127
978,Norma,Reed,nreedr5@indiegogo.com,Female,207.139.192.169
979,Carolyn,Howard,chowardr6@narod.ru,Female,3.220.223.89
980,Lori,Pierce,lpiercer7@cloudflare.com,Female,80.130.185.62
981,Alice,Watkins,awatkinsr8@cbsnews.com,Female,122.34.61.22
982,Helen,Perez,hperezr9@hubpages.com,Female,121.31.26.222
983,Joe,Russell,jrussellra@psu.edu,Male,184.75.123.163
984,Katherine,Carter,kcarterrb@t.co,Female,45.119.34.228
985,Sarah,Kim,skimrc@blogs.com,Female,161.210.163.216
986,Timothy,Ramos,tramosrd@cocolog-nifty.com,Male,47.65.219.252
987,Pamela,Freeman,pfreemanre@timesonline.co.uk,Female,92.15.137.133
988,Angela,Stewart,astewartrf@is.gd,Female,197.169.112.146
989,Jacqueline,Wallace,jwallacerg@umn.edu,Female,130.147.23.76
990,Raymond,Lawrence,rlawrencerh@google.co.uk,Male,63.230.195.42
991,Jeremy,Austin,jaustinri@themeforest.net,Male,250.30.70.34
992,Wanda,Hall,whallrj@ocn.ne.jp,Female,62.9.118.47
993,Norma,Rodriguez,nrodriguezrk@seattletimes.com,Female,244.233.35.134
994,Ann,James,ajamesrl@businessinsider.com,Female,125.31.246.7
995,Cynthia,Lane,clanerm@imdb.com,Female,221.237.250.67
996,Terry,Adams,tadamsrn@thetimes.co.uk,Male,94.217.218.157
997,Samuel,Wallace,swallacero@japanpost.jp,Male,112.208.39.238
998,Angela,Henry,ahenryrp@flavors.me,Female,214.234.12.58
999,Brandon,Dunn,bdunnrq@dailymotion.com,Male,177.250.115.241
1000,Stephanie,Reyes,sreyesrr@symantec.com,Female,239.186.116.184
